scenario,loss,accuracy,precision,recall,f1,roc_auc
human vs base AI,2.5244271755218506,0.4,0.25,0.14285714285714285,0.18181818181818182,0.4107142857142857
human vs fine-tuned AI,0.7841867804527283,0.8666666666666667,0.7777777777777778,1.0,0.875,0.8928571428571429
