scenario,loss,accuracy,precision,recall,f1,roc_auc
human vs base AI,2.8563880920410156,0.4666666666666667,0.4444444444444444,0.5714285714285714,0.5,0.375
human vs fine-tuned AI,2.3480355739593506,0.4666666666666667,0.45454545454545453,0.7142857142857143,0.5555555555555556,0.42857142857142855
