scenario,loss,accuracy,precision,recall,f1,roc_auc
human vs base AI,2.364952325820923,0.4,0.3333333333333333,0.2857142857142857,0.3076923076923077,0.4107142857142857
human vs fine-tuned AI,0.7077410817146301,0.8666666666666667,0.7777777777777778,1.0,0.875,0.875
